id,original_title,poster_path,overview,genre
297762,Wonder Woman,/imekS7f1OuHyUP2LAiTEM0zBzUz.jpg,An Amazon princess comes to the world of Man to become the greatest of the female superheroes.,Action Adventure Fantasy
321612,Beauty and the Beast,/tWqifoYuwLETmmasnGHO7xBjEtt.jpg,A live-action adaptation of Disney's version of the classic 'Beauty and the Beast' tale of a cursed prince and a beautiful young woman who helps him break the spell.,Family Fantasy Romance
339403,Baby Driver,/dN9LbVNNZFITwfaRjl4tmwGWkRg.jpg,"After being coerced into working for a crime boss, a young getaway driver finds himself taking part in a heist doomed to fail.",Action Crime
283995,Guardians of the Galaxy Vol. 2,/y4MBh0EjBlMuOzv9axM4qJlmhzz.jpg,The Guardians must fight to keep their newfound family together as they unravel the mysteries of Peter Quill's true parentage.,Action Adventure Comedy Science Fiction
281338,War for the Planet of the Apes,/3vYhLLxrTtZLysXtIWktmd57Snv.jpg,"Caesar and his apes are forced into a deadly conflict with an army of humans led by a ruthless Colonel. After the apes suffer unimaginable losses, Caesar wrestles with his darker instincts and begins his own mythic quest to avenge his kind. As the journey finally brings them face to face, Caesar and the Colonel are pitted against each other in an epic battle that will determine the fate of both their species and the future of the planet.",Drama Science Fiction War
166426,Pirates of the Caribbean: Dead Men Tell No Tales,/xbpSDU3p7YUGlu9Mr6Egg2Vweto.jpg,"Thrust into an all-new paycheck, a down-on-his-luck Capt. Jack Sparrow feels the winds of ill-fortune blowing even more strongly when deadly ghost sailors led by his old nemesis, the evil Capt. Salazar, escape from the Devil's Triangle. Jack's only hope of a payout lies in seeking out the legendary Trident of Numbers, but to find it, he must forge an uneasy alliance with a reasonably intelligent and pretty astronomer and a irritating young man in the British navy.",Adventure Action Fantasy Comedy
155,The Dark Knight,/1hRoyzDtpgMU7Dz4JF22RANzQO7.jpg,"Batman raises the stakes in his war on crime. With the help of Lt. Jim Gordon and District Attorney Harvey Dent, Batman sets out to dismantle the remaining criminal organizations that plague the streets. The partnership proves to be effective, but they soon find themselves prey to a reign of chaos unleashed by a rising criminal mastermind known to the terrified citizens of Gotham as the Joker.",Drama Action Crime Thriller
268531,Captain Underpants: The First Epic Movie,/AjHZIkzhPXrRNE4VSLVWx6dirK9.jpg,"Two mischievous kids hypnotize their mean elementary school principal and turn him into their comic book creation, the kind-hearted and elastic-banded Captain Underpants.",Action Animation Comedy Family
339988,The Circle,/bQVqd5rWrx5GbXhJNuvKy4Viz6j.jpg,"A young tech worker takes a job at a greedy Internet corporation, quickly rises up the company's ranks, and soon finds herself in a perilous situation concerning privacy, surveillance and freedom. She comes to learn that her decisions and actions will have no effect whatsoever.",Drama Thriller Science Fiction
316154,The Bad Batch,/7o14VaMphEIzPwzeW6FP3A6zb4W.jpg,"In a desert wasteland in Texas, a muscled cannibal breaks one important rule: don’t play with your food.",Drama Horror Thriller
126889,Alien: Covenant,/zecMELPbU5YMQpC81Z8ImaaXuf9.jpg,"Bound for a remote planet on the far side of the galaxy, the crew of the colony ship 'Covenant' discovers what is thought to be an uncharted paradise, but is actually a dark, dangerous world – which has its sole inhabitant the 'synthetic', David, survivor of the doomed Prometheus expedition.",Horror Science Fiction
315837,Ghost in the Shell,/myRzRzCxdfUWjkJWgpHHZ1oGkJd.jpg,"In the near future, Major is the first of her kind: a human saved from a terrible crash, then cyber-enhanced to be a perfect soldier devoted to stopping the world's most dangerous criminals.",Action Science Fiction
406990,What Happened to Monday,/o6EsOqITcSzcdwD1zxBM9imdxjr.jpg,"In a world where families are limited to one child due to overpopulation, a set of identical septuplets must avoid being put to a long sleep by the government and dangerous infighting while investigating the disappearance of one of their own.",Science Fiction Thriller Drama Mystery
440597,Wish Upon,/u0vnocj57vJt5DHoBEqUOD1G4SU.jpg,"A teenage girl discovers a box with magical powers, but those powers comes with a deadly price.",Thriller Horror Fantasy
284053,Thor: Ragnarok,/avy7IR8UMlIIyE2BPCI4plW4Csc.jpg,"Thor is imprisoned on the other side of the universe and finds himself in a race against time to get back to Asgard to stop Ragnarok, the destruction of his homeworld and the end of Asgardian civilization, at the hands of an all-powerful new threat, the ruthless Hela.",Action Adventure Comedy Fantasy
263115,Logan,/gGBu0hKw9BGddG8RkRAMX7B6NDB.jpg,"In the near future, a weary Logan cares for an ailing Professor X in a hideout on the Mexican border. But Logan's attempts to hide from the world and his legacy are upended when a young mutant arrives, pursued by dark forces.",Action Drama Science Fiction
403119,47 Meters Down,/2IgdRUTdHyoI3nFORcnnYEKOGIH.jpg,"Two sisters on Mexican vacation are trapped in a shark observation cage at the bottom of the ocean, with oxygen running low and great whites circling nearby, they have less than an hour of air left to figure out how to get to the surface.",Drama Thriller Horror Adventure
353491,The Dark Tower,/i9GUSgddIqrroubiLsvvMRYyRy0.jpg,"The last Gunslinger, Roland Deschain, has been locked in an eternal battle with Walter O’Dim, also known as the Man in Black, determined to prevent him from toppling the Dark Tower, which holds the universe together. With the fate of the worlds at stake, good and evil will collide in the ultimate battle as only Roland can defend the Tower from the Man in Black.",Action Fantasy Science Fiction Adventure
337339,The Fate of the Furious,/g52r6ZXqRPfRagwsOaorOGWxOk3.jpg,"When a mysterious woman seduces Dom into the world of crime and a betrayal of those closest to him, the crew face trials that will test them as never before.",Action Crime Thriller
460846,Security,/fG2SZwAAY4mNscLfvSiKyBxaVQy.jpg,"An ex-special services veteran, down on his luck and desperate for work, takes a job as a security guard at a run-down mall in a rough area of town. On his first night on the job, he opens the door to a distraught and desperate young girl who has fled the hijacking of a Police motorcade that was transporting her to testify as a witness in a trial. Hot on her heels is the psychopathic hijacker and his team of henchmen, who will stop at nothing to extract and eliminate the witness.",Action Thriller Crime
274857,King Arthur: Legend of the Sword,/qyXPqzlCWf3T9VEpBtquUQZwsgi.jpg,"When the child Arthur’s father is murdered, Vortigern, Arthur’s uncle, seizes the crown. Robbed of his birthright and with no idea who he truly is, Arthur comes up the hard way in the back alleys of the city. But once he pulls the sword Excalibur from the stone, his life is turned upside down and he is forced to acknowledge his true legacy... whether he likes it or not.",Action Drama Fantasy
238,The Godfather,/rPdtLWNsZmAtoZl9PK7S2wE3qiS.jpg,"Spanning the years 1945 to 1955, a chronicle of the fictional Italian-American Corleone crime family. When organized crime family patriarch, Vito Corleone barely survives an attempt on his life, his youngest son, Michael steps in to take care of the would-be killers, launching a campaign of bloody revenge.",Drama Crime
129,千と千尋の神隠し,/ynXoOxmDHNQ4UAy0oU6avW71HVW.jpg,A ten year old girl who wanders away from her parents along a path that leads to a world ruled by strange and unusual monster-like animals. Her parents have been changed into pigs along with others inside a bathhouse full of these creatures. Will she ever see the world how it once was?,Animation Family Fantasy
395834,Wind River,/fzsaNUcRH0cV2gg5rjQH83ZEI8M.jpg,An FBI agent teams with the town's veteran game tracker to investigate a murder that occurred on a Native American reservation.,Crime Drama Mystery Thriller
335988,Transformers: The Last Knight,/s5HQf2Gb3lIO2cRcFwNL9sn1o1o.jpg,"Autobots and Decepticons are at war, with humans on the sidelines. Optimus Prime is gone. The key to saving our future lies buried in the secrets of the past, in the hidden history of Transformers on Earth.",Action Adventure Science Fiction Fantasy
397837,Before I Fall,/eowzonDJMCuNXoJGVkP9Z7oCmiM.jpg,"Samantha Kingston has everything. Then, everything changes. After one fateful night, she wakes up with no future at all. Trapped into reliving the same day over and over, she begins to question just how perfect her life really was.",Drama Mystery Thriller Fantasy
417870,Girls Trip,/94nCLn74lBh4pLdZPIad18BpheE.jpg,"Four girlfriends take a trip to New Orleans for an annual festival and, along the way, rediscover their wild sides and strengthen the bonds of sisterhood.",Comedy
269795,2:22,/aQkXOiMi7yBR3XwDbGBzDI2Tqnq.jpg,"A man's life is derailed when an ominous pattern of events repeats itself in exactly the same manner every day, ending at precisely 2:22 p.m.",Drama Thriller Romance Science Fiction Mystery
539,Psycho,/81d8oyEFgj7FlxJqSDXWr8JH8kV.jpg,"When larcenous real estate clerk Marion Crane goes on the lam with a wad of cash and hopes of starting a new life, she ends up at the notorious Bates Motel, where manager Norman Bates cares for his housebound mother. The place seems quirky, but fine… until Marion decides to take a shower.",Horror Drama Thriller
228150,Fury,/pfte7wdMobMF4CVHuOxyu6oqeeA.jpg,"Last months of World War II in April 1945. As the Allies make their final push in the European Theater, a battle-hardened U.S. Army sergeant in the 2nd Armored Division named Wardaddy commands a Sherman tank called ""Fury"" and its five-man crew on a deadly mission behind enemy lines. Outnumbered and outgunned, Wardaddy and his men face overwhelming odds in their heroic attempts to strike at the heart of Nazi Germany.",War Drama Action
324852,Despicable Me 3,/5qcUGqWoWhEsoQwNUrtf3y3fcWn.jpg,Gru and his wife Lucy must stop former '80s child star Balthazar Bratt from achieving world domination.,Action Animation Comedy Family Adventure
399019,The Beguiled,/yCt9jWUFNpWLSiNpShZr9JFF9oD.jpg,"During the Civil War, at a Southern girls’ boarding school, young women take in an injured enemy soldier. As they provide refuge and tend to his wounds, the house is taken over with sexual tension and dangerous rivalries, and taboos are broken in an unexpected turn of events.",Drama
339846,Baywatch,/6HE4xd8zloDqmjMZuhUCCw2UcY1.jpg,"Devoted lifeguard Mitch Buchannon butts heads with a brash new recruit. Together, they uncover a local criminal plot that threatens the future of the Bay.",Action Comedy Crime
378064,聲の形,/drlyoSKDOPnxzJFrRWGqzDsyJvR.jpg,"Shouya Ishida starts bullying the new girl in class, Shouko Nishimiya, because she is deaf. But as the teasing continues, the rest of the class starts to turn on Shouya for his lack of compassion. When they leave elementary school, Shouko and Shouya do not speak to each other again... until an older, wiser Shouya, tormented by his past behaviour, decides he must see Shouko once more. He wants to atone for his sins, but is it already too late...?",Animation Drama Romance
19404,Dilwale Dulhania Le Jayenge,/2gvbZMtV1Zsl7FedJa5ysbpBx2G.jpg,"Raj is a rich, carefree, happy-go-lucky second generation NRI. Simran is the daughter of Chaudhary Baldev Singh, who in spite of being an NRI is very strict about adherence to Indian values. Simran has left for India to be married to her childhood fiancé. Raj leaves for India with a mission at his hands, to claim his lady love under the noses of her whole family. Thus begins a saga.",Comedy Drama Romance
282035,The Mummy,/zxkY8byBnCsXodEYpK8tmwEGXBI.jpg,"Though safely entombed in a crypt deep beneath the unforgiving desert, an ancient queen whose destiny was unjustly taken from her is awakened in our current day, bringing with her malevolence grown over millennia, and terrors that defy human comprehension.",Fantasy Thriller Action Adventure Horror
378236,The Emoji Movie,/f5pF4OYzh4wb1dYL2ARQNdqUsEZ.jpg,"Gene, a multi-expressional emoji, sets out on a journey to become a normal emoji.",Animation Family Comedy
437031,Zona hostil,/pIi99YX0L6YzTHDzt8r7oLG01Ky.jpg,"The crew of a medical helicopter suffers an accident when helping a joint force of USA and United Nations troops under Spanish command division in Afghanistan. The Spanish army has only one night to organize the rescue of the crew and injured, but what seems routine turns into hell once they receive the order to rescue the helicopter as well. Things only get worse when during the night a huge a concentration of Talibans begin surround them.",War
195590,Collide,/7WqR10HKafhzE9LXEYg0AtM4J6O.jpg,"An American backpacker gets involved with a ring of drug smugglers as their driver, and winds up on the run from his employers across Munich's autobahns.",Thriller Action
345914,The House,/hkmWkVgirei79bwds23Hr0lWSXS.jpg,"When Scott and Kate Johansen’s daughter gets into the college of her dreams it’s cause for celebration. That is, until Scott and Kate learn that the scholarship they were counting on didn’t come through, and they’re now on the hook for tuition they can’t begin to afford. With the help of their friend and neighbor Frank also in need of a major payday they decide to open an illegal casino in his suburban house, risking everything together on a Vegas-style bacchanal where money flows, inhibitions are checked at the door, and all bets are off.",Comedy
672,Harry Potter and the Chamber of Secrets,/sdEOH0992YZ0QSxgXNIGLq1ToUi.jpg,"Ignoring threats to his life, Harry returns to Hogwarts to investigate – aided by Ron and Hermione – a mysterious series of attacks.",Adventure Fantasy
293167,Kong: Skull Island,/r2517Vz9EhDhj88qwbDVj8DCRZN.jpg,"Explore the mysterious and dangerous home of the king of the apes as a team of explorers ventures deep inside the treacherous, primordial island.",Action Adventure Fantasy
121,The Lord of the Rings: The Two Towers,/wf3v0Pn09jnT5HSaYal7Ami3bdA.jpg,"Frodo and Sam are trekking to Mordor to destroy the One Ring of Power while Gimli, Legolas and Aragorn search for the orc-captured Merry and Pippin. All along, nefarious wizard Saruman awaits the Fellowship members at the Orthanc Tower in Isengard.",Adventure Fantasy Action
122,The Lord of the Rings: The Return of the King,/uexxR7Kw1qYbZk0RYaF9Rx5ykbj.jpg,"Aragorn is revealed as the heir to the ancient kings as he, Gandalf and the other members of the broken fellowship struggle to save Gondor from Sauron's forces. Meanwhile, Frodo and Sam bring the ring closer to the heart of Mordor, the dark lord's realm.",Adventure Fantasy Action
463906,The Saint,/n8tsrPLem70exhXHfSausV7FlPx.jpg,"International master thief, Simon Templar, also known as The Saint, is asked by a desperate rich man to find his kidnapped daughter. However, in addition to evading the authorities, Simon must face a dangerous adversary from his past.",Action Adventure Crime
417830,Diary of a Wimpy Kid: The Long Haul,/mSBUClLuB70a2unFvW4m48OG9VF.jpg,A Heffley family road trip to attend Meemaw's 90th birthday party goes hilariously off course thanks to Greg's newest scheme to get to a video gaming convention.,Comedy Family
559,Spider-Man 3,/sqZKCRYGovZ8aN99VVJSdL8Ja9k.jpg,"The seemingly invincible Spider-Man goes up against an all-new crop of villain – including the shape-shifting Sandman. While Spider-Man’s superpowers are altered by an alien organism, his alter ego, Peter Parker, deals with nemesis Eddie Brock and also gets caught up in a love triangle.",Fantasy Action Adventure
50619,The Twilight Saga: Breaking Dawn - Part 1,/p2hlGr02imEs9zeBDAkpZ4PBk6s.jpg,"The new found married bliss of Bella Swan and vampire Edward Cullen is cut short when a series of betrayals and misfortunes threatens to destroy their world. Bella soon discovers she is pregnant, and during a nearly fatal childbirth, Edward finally fulfills her wish to become immortal. But the arrival of their remarkable daughter, Renesmee, sets in motion a perilous chain of events that pits the Cullens and their allies against the Volturi, the fearsome council of vampire leaders, setting the stage for an all-out battle.",Adventure Fantasy Romance
141052,Justice League,/9rtrRGeRnL0JKtu9IMBWsmlmmZz.jpg,"Fueled by his restored faith in humanity and inspired by Superman's selfless act, Bruce Wayne and Diana Prince assemble a team of metahumans consisting of Barry Allen, Arthur Curry, and Victor Stone to face the catastrophic threat of Steppenwolf and the Parademons who are on the hunt for three Mother Boxes on Earth.",Action Adventure Fantasy Science Fiction
339967,Colossal,/4VOyofBd1pexblxtDZYtYIk7NI4.jpg,A woman discovers that severe catastrophic events are somehow connected to the mental breakdown from which she's suffering.,Drama Fantasy Science Fiction
